,Hotel ID,Hotel Name,Hotel Address,Hotel Score,601,602,603,604,605,606,607,608,609,610,611,612,613,614,615,616,617,618,619,620,621,622,623,624,625,626,627,628,629,630,701,702,703,704,705,706,707,708,709,710,711,712,713,714,715,716,717,718,719,720,721,722,723,724,725,726,727,728,729,730,Time_Cost_NRT,Money_Cost_NRT,Time_Walk_NRT,Time_Cost_HND,Money_Cost_HND,Time_Walk_HND
0,0,신주쿠 그랑벨 호텔(Shinjuku Granbell Hotel),160-0021 도쿄 도 Shinjuku-ku Kabukicho 2-14-5 일본,7.8,131115,176277,218526,152968,145684,145684,160252,160252,236008,226101,160252,160252,138400,138400,145684,160252,218526,0,145684,145684,138925,747699,393215,287237,319246,125784,569969,139845,593718,199231,217624,107902,217211,245588,198273,194308,261893,139462,198273,194308,206539,134088,218601,142671,349530,145214,137038,198273,134088,134088,145731,353133,221644,194308,206510,102551,222581,234633,107902,213637,74,26290,16,64,14149,14
3,3,La'gent Hotel Shinjuku Kabukicho,160-0021 도쿄 도 Shinjuku-ku Kabuki-cho 2-40-5 일본,8.4,204633,251567,356700,0,208388,212143,204633,214020,230916,274978,212143,214020,197124,183982,227162,232794,281605,236548,195246,180227,218388,194777,220208,195246,208618,294277,137048,325762,313022,181990,241376,149423,221644,250600,150180,150180,156751,285886,137038,137038,191614,234077,223062,145582,230428,145214,137038,139835,206510,206510,234296,353133,194308,131406,206510,222581,194308,145731,107902,102551,71,26290,13,59,4876,13
4,4,APA Hotel Shinjuku Kabukicho Chuo,160-0021 도쿄 도 Shinjuku Kabukicho 2-26-5 일본,7.7,128600,151128,196185,128600,128600,128600,138925,138925,161454,213062,128600,128600,128600,0,138925,151128,196185,138925,0,128600,141760,130266,0,301030,0,423159,0,319246,0,178350,259082,103255,102551,128600,224533,221644,224533,400377,207449,0,466338,0,229396,261893,233713,107902,104644,224533,229116,198273,128130,229882,213637,104644,213307,122029,193254,321030,246987,345192,69,30688,8,62,14149,12
5,5,호텔 로즈 가든 신주쿠(Hotel Rose Garden Shinjuku),160-0023 도쿄 도 Shinjuku-ku Nishishinjuku 8-1-3 일본,7.9,138456,185390,241711,152536,143149,152536,152536,171310,0,261775,161923,152536,171310,180697,208857,0,288645,166616,157230,208857,192708,136109,401287,241805,378571,234671,233330,239460,233330,204633,208388,93868,141760,138925,284517,152067,161454,147139,466338,150189,141760,116397,192657,147749,229039,231442,207449,232493,138925,315032,267194,265801,346738,203829,137987,147749,258617,190264,188675,107902,72,28298,8,62,6501,7
7,7,신주쿠 워싱턴 호텔(Shinjuku Washington Hotel),160-8336 도쿄 도 Shinjuku-ku Nishishinjuku 3-2-9 일본,7.1,167792,0,160301,155057,167792,167792,0,0,0,0,155057,167792,0,176780,186518,190264,269665,167792,0,0,141760,153255,161454,315752,137048,557368,239460,234671,234671,270904,199231,93868,138925,111703,187741,150189,238119,372751,147843,138925,192657,262353,180697,152067,229978,231442,143619,321461,321461,718381,267194,207261,181990,718381,138925,290944,152067,152067,176243,0,74,26577,14,55,12428,1
8,8,신주쿠 프린스 호텔(Shinjuku Prince Hotel),160-8487 도쿄 도 Shinjuku-ku Kabuki-cho 1-30-1 일본,7.9,202350,202350,357779,212473,202350,202350,0,243645,0,316693,223061,166485,166485,183531,183531,271122,298907,212473,192708,0,329497,762959,393215,293099,319246,128351,581601,569969,593718,293395,184290,149814,181990,152067,346738,186518,164749,107949,152067,181990,138925,244659,150764,299229,229978,197124,134098,147749,147843,321461,321461,899278,138925,315032,315032,256613,718381,199470,187737,315032,70,26577,10,54,4876,10
9,9,APA 호텔 신주쿠 교에마에 (APA Hotel Shinjuku Gyoemmae),160-0022 도쿄 도 Shinjuku-ku Shinjuku 2-2-8 일본,7.8,161454,172718,266586,138925,138925,138925,138925,0,161454,211241,127661,127661,138925,138925,0,161454,195246,127661,0,138925,214020,194777,187752,195246,132366,294277,139845,137048,148312,270904,235064,93868,217211,153245,194308,194308,224533,98562,194308,194308,202408,131406,139835,267238,887014,280667,194308,194308,131406,131406,229940,107949,206351,229116,194308,189389,189389,229940,185484,209364,74,26577,14,57,6214,7
10,10,APA Hotel Higashi Shinjuku Kabukicho Tower,160-0021 도쿄 도 Shinjuku-ku Kabukicho 2-31-12 일본,8.0,138925,161454,206510,128600,116397,128600,138925,0,161454,200315,128600,116397,128600,0,128600,161454,206510,0,0,128600,138925,127661,993883,329561,166894,0,288406,319246,0,178350,195246,102504,104644,131224,229116,0,229116,98562,194308,211683,139835,131406,234077,229116,233357,107902,194308,229116,194308,194308,130745,195246,104644,213307,229116,193254,102551,128130,185484,102504,71,26290,13,59,4876,13
12,12,호텔 썬루트 플라자 신주쿠(Hotel Sunroute Plaza Shinjuku),151-0053 도쿄 도 Shibuya-ku Yoyogi 2-3-1 일본,8.3,321356,313980,374037,299229,313980,306605,0,313980,321356,363501,306605,291854,277103,284479,0,306605,352964,277103,277103,0,138925,747699,212871,287237,150074,125784,129538,131416,220687,200189,208388,188675,136971,138925,466338,150189,376431,216273,466338,138456,188675,127661,153255,152067,229978,256701,466338,262353,466338,262353,0,184290,209364,262353,466338,119588,122029,152067,192526,345192,69,26577,9,53,4876,9
13,13,APA 호텔 & 리조트 니시신주쿠-고초메-에키 타워(APA Hotel & Resort Nishishinjuku-Gochome-Eki Tower),151-0071 도쿄 도 Shibuya-ku Honmachi 3-14-1 일본,8.2,115458,137987,183043,115458,103255,127661,137987,150189,0,190299,103255,0,115458,115458,127661,150189,172718,103255,103255,0,204403,136109,401287,0,139845,234671,233330,234671,239460,204633,195246,887014,0,138925,0,140803,261893,100573,211683,0,0,188675,229396,224533,342539,372751,211683,224533,194308,194308,229940,199231,102551,102551,213307,189389,102551,363980,107949,391374,82,28298,11,60,5067,5
14,14,더 낫 도쿄 신주쿠(THE KNOT TOKYO Shinjuku),160-0023 도쿄 도 Shinjuku-ku Nishishinjuku 4-31-1 일본,8.4,236548,236548,374535,188675,188675,188675,0,236548,0,371494,188675,0,0,0,0,287237,287237,188675,188675,0,232493,150189,161454,259927,137048,546220,234671,581601,234671,299383,319287,103255,225380,111703,138925,254796,0,372751,207449,207449,466338,192526,0,261893,210725,172718,207449,194308,198273,131406,234633,107949,206351,213307,194308,102551,104644,130745,107949,102504,79,28680,8,56,14531,3
15,15,Tokyu Stay Shinjuku Eastside,160-0021 도쿄 도 Shinjuku-ku Kabukicho 2-3-24 일본,8.8,278226,605263,478353,300191,285182,273589,255040,308367,315323,332851,257359,0,273589,0,308367,308367,299093,255040,0,280667,160252,188675,336237,195246,129538,220303,251755,166894,220303,225284,259082,203829,133762,115458,244659,321461,0,216273,152067,167792,138925,346738,141760,176003,887014,363213,127661,201147,147749,254796,265610,259082,718381,124845,315032,256613,137987,190264,326487,124845,74,26672,13,64,6883,7
16,16,HOTEL CEN,169-0073 도쿄 도 Shinjuku-ku Hyakunincho 1-5-19 일본,8.2,163043,190331,327451,163043,149399,149399,149399,149399,225122,251455,135756,0,149399,149399,149399,225122,259232,135756,149399,149399,208618,192526,137054,279690,713625,129538,251755,262353,762959,196185,641215,103267,259077,259077,114529,343558,181990,222219,285360,84482,247813,338489,345397,153756,100573,0,338489,212028,219652,93868,161454,218388,518154,150534,224899,256613,186518,0,500951,322907,66,26290,8,54,4876,8
17,17,MIMARU TOKYO SHINJUKU WEST,160-0023 도쿄 도 Shinjuku-ku Nishi-Shinjuku 3-3-11 일본,8.9,563210,563210,563210,563210,563210,563210,563210,563210,563210,546314,563210,563210,563210,563210,563210,563210,0,563210,563210,563210,141760,0,278421,0,112642,114941,147843,147843,409477,206510,271122,194827,0,225380,236548,226577,0,0,185859,329497,141760,0,189652,321461,234671,199231,152067,150764,201147,251529,233357,0,167792,167792,147749,137987,0,315032,0,124845,74,26577,14,58,12428,3
19,19,APA 호텔 - 히가시신주쿠 가부키초 히가시(APA Hotel - Higashishinjuku Kabukicho Higashi),160-0021 도쿄 도 Shinjuku-ku Kabukicho 2-17-7 일본,7.7,150189,183982,229039,161454,138925,138925,150189,150189,172718,222168,127661,127661,138925,138925,150189,183982,0,127661,127661,138925,192526,166894,617466,246740,378571,239460,291663,336853,233330,208809,164270,167792,203829,122968,147843,0,175722,821705,346738,315032,269728,147843,254796,168963,242180,176243,127661,176780,235760,153255,315032,287352,138925,315032,138925,850812,208330,308808,552697,258617,72,26290,14,60,4876,14
20,20,E 호텔 히가시 신주쿠(E Hotel Higashi Shinjuku),160-0021 도쿄 도 Shinjuku-ku Kabukicho 2-3-15 일본,7.3,136109,154883,234671,136109,130477,130477,130477,136109,154883,182105,136109,130477,130477,130477,136109,154883,187737,136109,130477,130477,188675,166894,617466,204633,386297,299766,216273,336853,291663,281898,424661,127661,176003,125477,201147,293099,190264,353471,244659,321461,0,201147,0,168963,206510,287237,315032,176003,261491,186518,178350,810789,273942,251529,329497,766273,767092,181990,183982,230635,72,26672,11,62,5067,5
21,21,아파 호텔 히가시-신주쿠-에키마에(APA Hotel Higashi-Shinjuku-Ekimae),169-0072 도쿄 도 Shinjuku-ku Okubo 1-1-48 일본,7.7,148312,161454,217775,148312,125784,148312,148312,148312,183982,211241,125784,125784,137048,0,148312,161454,0,125784,125784,137048,226411,993883,271950,311399,220591,220687,125784,220687,139845,140803,164270,0,167792,152067,223061,287237,161454,821705,123906,167792,147749,315032,147749,315032,247123,0,143619,153255,235760,201147,238119,281605,141760,221849,174806,767092,274565,199470,188675,261491,73,26672,12,62,4876,16
22,22,Via Inn Shinjuku,160-0022 도쿄 도 5-11-16 Shinjuku Shinjuku-ku 일본,8.2,166044,144018,170280,152489,140629,145712,152489,159267,171127,165171,152489,140629,145712,152489,159267,144018,170280,152489,140629,140629,166894,91991,278421,0,181990,713625,147843,156197,401287,1971993,342150,129668,243870,160346,82604,163618,89175,146810,160346,308789,82604,82604,101209,302613,230169,230169,308789,82604,82604,101209,154318,678151,302613,101209,103274,84290,103274,180453,414937,126985,76,28298,12,62,6214,12
23,23,시타딘스 센트럴 신주쿠 도쿄 (Citadines Central Shinjuku Tokyo),160-0021 도쿄 도 Shinjuku-ku Kabuki-Cho 1-2-9 일본,8.0,194710,194710,305973,166894,166894,166894,166894,176166,194710,305973,166894,166894,166894,166894,166894,231797,250341,166894,166894,166894,153255,208618,262832,204633,546220,374707,134098,423159,306762,336106,283107,103267,219652,350570,114529,282356,426239,416025,236736,288119,219652,114529,160346,397063,178350,165959,160346,160346,212028,163618,186779,232621,370968,243983,160346,163618,136672,678151,181990,268738,72,26577,12,57,4876,13
24,24,프리미어 호텔 캐빈 신주쿠(Premier Hotel Cabin Shinjuku),160-0021 도쿄 도 Shinjuku-ku Kabuki-cho 2-40-3 일본,7.7,123912,138933,0,140003,110770,114529,116408,123912,0,178463,105133,105133,108891,114529,0,137054,178357,105133,105133,108891,294277,423159,343099,329561,153255,423159,137048,0,148312,0,346327,212473,887014,138925,287352,169691,231127,500951,518154,338489,194335,219652,466338,296356,232276,174327,466338,219652,338489,150189,164749,281605,766273,93868,241567,311202,162833,178350,218388,826578,71,26290,13,59,4876,13
25,25,Bespoke Hotel Shinjuku,160-0021 도쿄 도 Shinjuku-ku Kabukicho 2-2-17 일본,8.5,262456,296249,494499,237675,248939,237675,237675,237675,318777,435959,248939,203882,248939,248939,248939,318777,366087,226411,226411,226411,199689,91991,157699,276433,273942,181990,159385,255968,269728,431044,197124,170496,219652,287352,0,330455,552697,218388,0,150189,225342,224135,316087,153756,181990,355949,466338,345397,466338,0,552697,206510,315032,0,0,204164,226577,403443,164270,518154,75,26672,14,62,6883,7
1,1,호텔 그레이서리 신주쿠(Hotel Gracery Shinjuku),160-0021 도쿄 도 Shinjuku-ku Kabukicho 1-19-1 일본,8.3,214921,254796,375605,232493,214921,214921,0,0,254796,321233,232493,0,0,0,232493,0,331168,232493,214921,214921,214020,198752,187752,199231,132366,300283,569969,137048,151339,195246,212641,188675,188675,115458,141760,137987,552697,220687,189652,138456,231606,127661,258617,761483,98562,206510,130266,138925,147749,150189,552697,199231,124845,329497,147749,346738,0,110104,810789,107902,80,26577,16,56,4876,12
6,6,APA 호텔 신주쿠-가부키쵸 타워(APA Hotel Shinjuku-Kabukicho Tower),160-0021 도쿄 도 Shinjuku-ku Kabukicho 1-20-2 일본,7.7,138925,0,217775,127661,127661,127661,138925,150189,183982,211241,127661,127661,0,138925,150189,0,208388,127661,127661,127661,232493,150189,401240,259927,325762,546220,234671,569969,605834,293395,184290,95784,887014,128600,466338,137987,145731,136672,0,150189,138925,188675,466338,224533,233357,110104,111703,0,258617,153255,110104,195246,209364,0,137987,119588,119588,321030,232276,110104,67,30688,6,56,4876,12
11,11,HOTEL KABUKI,160-0021 도쿄 도 新宿区歌舞伎町1-16-9 일본,8.9,336237,0,378477,0,195997,195997,195997,251755,293996,367123,251755,0,293996,293996,209514,336237,378477,251755,293996,251755,138925,127661,993883,420358,166894,150074,131416,0,164979,268885,0,0,0,0,0,0,0,0,0,0,0,0,0,0,0,0,0,0,0,0,0,0,0,0,0,0,0,0,0,0,70,26577,10,54,4876,10
30,30,Sotetsu Fresa Inn Higashi Shinjuku,160-0022 도쿄 도 Shinjuku-ku Shinjuku 7-27-9 일본,8.2,195246,195246,0,178350,160515,156197,156197,156197,0,272064,156197,156197,156197,156197,175722,175722,236548,156197,0,156197,160252,186518,164749,236008,728189,105133,129538,131416,216273,378477,206510,194827,152067,198752,315032,315032,265610,206510,167792,254977,188675,116397,262353,150764,214020,195246,113983,329497,269728,361106,338865,319287,0,124845,262353,244659,119588,107902,361853,150764,73,26672,12,66,14436,6
31,31,도큐 스테이 신주쿠(Tokyu Stay Shinjuku),160-0022 도쿄 도 Shinjuku-ku 3-7-1 일본,8.4,303120,283107,237956,229414,246498,253820,205009,263582,283107,0,236736,246498,236736,253820,273345,273345,295310,212330,253820,253820,251529,197124,630068,285437,546220,299766,216273,421067,161971,0,424661,167086,281605,281605,466338,95784,555945,217775,225342,150189,281605,186971,169691,0,242180,206510,0,338489,466338,0,181990,326487,321461,171310,93868,767092,204164,233357,326487,766273,83,27533,6,63,12428,3
32,32,호텔 & 스파 제이-멕스 신주쿠 가부키초(성인 전용)(HOTEL & SPA J-MEX Shinjuku Kabukicho (Adult Only)),160-0021 도쿄 도 Shinjyuku-ku Kabukicho 2-5-6 일본,8.7,222609,290429,331121,252529,222609,241758,241758,222609,348275,374589,252529,222609,0,0,241758,290429,306386,274471,0,0,0,316087,202568,280321,76627,187737,89175,191568,993883,141952,167622,130458,234671,343558,84482,282356,355949,324516,233330,282356,219652,288119,160346,274481,366988,439304,225284,163618,166952,212028,411872,336853,325047,214786,311202,112650,280321,248751,605601,131416,74,26672,13,66,14436,8
35,35,HOTEL MYSTAYS Nishi Shinjuku,160-0023 도쿄 도 Nishi Shinjuku 7-14-14 Shinjuku-ku 일본,7.6,164749,181032,217430,151339,151339,151339,151339,151339,205936,277774,151339,151339,151339,151339,169538,181032,253828,151339,169538,153255,246498,162517,137054,331168,246987,133762,374707,159385,401287,498077,236548,138925,138925,122968,147843,287237,179308,911386,244659,203829,147843,147843,361106,229882,405933,315032,133762,176780,315032,186518,178350,810789,241617,221849,232493,152067,274565,203541,899278,230635,71,26577,11,55,4876,11
36,36,HOTEL AMANEK Shinjuku Kabukicho,160-0021 도쿄 도 2-24-10 Kabukicho Shinjuku-ku 일본,8.5,245898,245898,467099,229208,206720,193763,167636,189739,254252,264628,212398,184419,184419,190017,190017,190017,264628,212398,212398,201928,246498,188675,161454,331168,114941,713625,256893,129538,747699,281605,241376,105362,887014,138925,138925,153255,552697,107949,0,141282,192526,141760,466338,0,214020,372751,0,186714,0,0,363980,184290,102551,102551,104644,363980,189389,128130,293622,149423,71,26290,13,59,4876,13
37,37,시타딘 신주쿠 도쿄(Citadines Shinjuku Tokyo),160-0022 도쿄 도 Shinjuku-ku Shinjuku 1-28-13  일본,8.6,373941,299766,364669,373941,271950,233330,373941,233330,336853,373941,251874,271950,0,0,251874,336853,336853,186971,299766,271950,300283,423159,993883,373371,421067,116857,330041,128351,363980,630681,641215,167086,130458,86206,166952,93868,315032,217775,363980,84482,86206,233713,138925,314842,242180,448269,338489,84482,345397,116408,225093,178350,370968,103267,247813,164212,186518,777230,0,745243,76,28298,12,62,14149,10
38,38,JR Kyushu Hotel Blossom Shinjuku (JR Kyushu Hotel Blossom Shinjuku),151-0053 도쿄 도 Shibuya-ku Yoyogi 2-6-2 일본,8.7,394153,306762,378102,329009,0,394153,294277,0,0,698918,363834,282638,0,0,0,0,720534,0,294277,294277,226411,157852,268195,311399,220591,216273,125784,216273,137048,287651,0,0,0,288406,577535,466338,146810,552697,905116,466338,150189,466338,129213,552697,0,887014,466338,887014,466338,141952,563977,887014,466338,993883,466338,993883,466338,887014,887014,887014,69,26577,9,49,12428,4
39,39,EAST ONE Higashishinjuku,160-0022 도쿄 도 7-19-9 Shinjuku Shinjuku-ku 일본,8.6,811023,0,0,0,0,0,0,0,0,0,946193,0,0,0,0,946193,946193,946193,0,0,336777,174327,0,0,0,0,0,0,0,0,0,0,0,0,0,0,0,0,0,0,0,0,0,0,0,0,0,0,0,0,0,0,0,0,0,0,0,0,0,0,73,26672,12,66,14436,6
46,46,Stay SAKURA Tokyo Shinjuku Hyakukura,169-0073 도쿄 도 Shinjuku-ku Hyakunincho 2-24-30  일본,8.5,247813,0,400255,362707,165959,165959,165959,165959,187737,240378,187737,210265,285360,296624,371719,0,468591,334172,296624,0,137048,226411,157699,287352,133762,129538,176166,166894,129538,210725,283107,110104,150534,138925,288119,116408,405167,318837,466338,150764,281605,84482,466338,276260,0,287352,315032,214748,244659,147843,220591,326487,466338,174806,93868,208330,204164,395374,287429,411872,68,26290,10,56,4876,10
47,47,HOTEL D-WAVE Shinjuku（Adult Only),160-0021 도쿄 도 新宿区歌舞伎町 2-8-6 일본,8.9,297375,370968,431044,385987,297375,297375,0,282356,355949,403544,370968,282356,282356,282356,0,355949,416025,370968,0,282356,330041,119588,98562,156894,165208,84482,90995,95784,122029,165959,1886568,127074,136205,281605,281605,259077,130745,424515,241567,338489,194335,219652,247813,325047,178350,183982,245859,0,0,153255,0,167622,363980,171310,0,518154,159576,233357,0,159576,75,26577,15,59,4876,15
48,48,Book Tea Bed SHINJUKU-GYOEN,160-0022 도쿄 도 Shinjuku-ku Shinjuku 1-12-8 일본,7.4,281605,0,281605,281605,281605,281605,281605,0,0,273157,281605,281605,281605,281605,281605,0,281605,281605,281605,0,137048,162833,280321,242180,162972,84482,993883,405167,405167,242180,287352,237647,887014,153255,466338,201147,321461,353471,766273,315032,466338,0,0,267194,234671,287237,321461,176003,315032,226577,315032,260485,241617,146550,141760,258617,767092,272369,0,152067,72,28298,8,58,14149,6
49,49,Blue Empire Hotel,169-0073 도쿄 도 1 Chome-15-8 Hyakunincho Shinjuku-ku 일본,6.6,117335,159576,136109,117335,91991,91991,0,107949,272247,91991,91991,91991,91991,0,107949,0,91991,91991,0,179351,159267,163791,0,160515,367213,367213,147843,157699,363980,268885,187925,102504,198273,234793,288767,283370,159950,285886,191614,180819,206510,218601,206510,223998,0,285886,206510,206510,272218,272218,239077,145214,131406,134088,272218,239077,194308,263958,552697,197077,65,26290,7,53,4876,7
50,50,호텔 페리에(성인 전용)(HOTEL PERRIER (Adult Only)),160-0021 도쿄 도 Shinjuku-ku Kabuki-cho 2-7-12 일본,8.2,216273,0,324409,0,0,216273,0,223031,253445,314677,246686,216273,0,216273,216273,253445,324409,246686,216273,207825,149399,431795,0,380991,357179,423159,336777,423159,993883,356700,0,0,0,0,0,0,0,0,0,0,0,0,0,0,0,0,0,0,0,0,0,0,0,0,0,0,0,0,0,0,76,26672,15,64,14436,6
51,51,호텔 안 신주쿠 가부키초 (성인 전용)(HOTEL AN Shinjuku Kabukicho (Adult Only)),160-0021 도쿄 도 Kabukicho 2-7-5 일본,8.5,190590,222431,293395,209364,181879,181879,0,0,222431,284593,209364,181879,0,181879,0,0,293395,209364,0,0,2343856,149423,113025,312639,587827,222609,0,107902,0,331121,136672,466338,223998,206510,283645,278138,267178,261142,184509,173494,277774,272218,277774,217554,127074,145731,277774,277774,2486344,1712088,140793,212894,206510,272218,2035603,140793,143667,261893,349530,194308,72,26577,12,56,4876,12
52,52,호텔 더 호텔(성인 전용)(HOTEL THE HOTEL SHINJUKU (Adult Only)),160-0021 도쿄 도 Shinjuku-ku Kabukicho 2-12-10 일본,6.7,101209,0,0,0,101209,101209,101209,101209,0,0,0,101209,101209,101209,101209,0,0,0,101209,101209,330041,272218,0,0,0,112642,201147,156197,747699,0,0,0,103274,491176,306762,466338,0,0,0,466338,129213,905116,905116,0,0,0,0,141952,466338,69683,0,0,0,156511,258617,993883,466338,0,0,0,76,26672,15,61,4876,17
53,53,아파 호텔 히가시 신주쿠 가부키초(APA Hotel Higashi Shinjuku Kabukicho),160-0021 도쿄 도 Shinjuku-ku Kabukicho 2-19-14 일본,7.5,137048,148312,195246,137048,114519,137048,137048,148358733,170496,236736,274481,887014,405646,311202,212028,114529,212028,276260,0,248751,164739,243983,160346,280321,322907,552697,664588,72,26290,14,60,4876,14
57,57,Hotel Matsunoi,160-0073 도쿄 도 Shinjuku-ku Hyakunincho 1-7-19  일본,8.4,140427,0,0,148688,140427,140427,140427,140427,115646,0,148688,140427,140427,0,0,115646,0,115646,140427,140427,239077,501200,316087,0,197124,728189,176166,220303,129538,0,236548,138925,179595,113983,187741,269728,211350,150142,150860,133762,208816,718381,150189,190264,887014,280667,181990,147843,138925,226779,376431,259082,244659,143619,171310,518154,311298,321461,273942,152067,63,26290,5,51,4876,5
59,59,아파트 호텔 신주쿠(Apartment Hotel Shinjuku),160-0022 도쿄 도 Shinjuku-ku Shinjuku 4-4-10 일본,7.4,127074,127074,0,127074,127074,127074,127074,127074,127074,0,127074,127074,127074,127074,127074,127074,0,0,127074,127074,162833,272218,350035,771842,252529,227152,161078,107902,187925,0,380167,263582,126985,281171,84290,82604,90995,149806,163618,82604,101209,101209,103274,308789,302613,151231,82604,84290,101209,103274,302613,330323,282638,103274,306762,101209,306762,294277,346281,282638,70,26577,10,54,4876,10
60,60,니시테츠 인 신주쿠(Nishitetsu Inn Shinjuku),160-0023 도쿄 도 Shinjuku-ku Nishishinjuku 7-23-2 일본,8.3,300379,272218,300379,281605,248751,253445,262832,253445,281605,282262,234671,234671,220591,234671,0,220591,290992,234671,248751,234671,244067,1014167,993883,373371,336853,114519,330041,125784,356700,143676,363980,125784,103267,343558,236736,93868,397063,0,194335,219652,84482,338489,163618,156894,274481,281605,345397,245859,219652,0,552697,199231,285360,311202,108891,276260,139462,322907,235361,0,73,26577,13,57,14531,7
61,61,Tokyu Stay Yotsuya,160-0004 도쿄 도 Shinjuku-ku Yotsuya 2-1 일본,7.9,241617,251380,270904,217211,0,241617,241617,0,0,329063,217211,0,0,0,0,0,311530,258213,224533,0,131416,159576,280321,281605,143741,84482,993883,277944,277944,236971,199231,220687,217554,272218,143676,143676,272630,266471,206510,206510,2835305,277774,2486344,225284,129668,204445,1657563,2758969,266117,266117,143667,217238,272218,277774,288927,143667,256383,153935,203319,137977,74,28298,8,60,6214,9
62,62,호텔 리스텔 신주쿠(Hotel Listel Shinjuku),160-0022 도쿄 도 Shinjuku-ku Shinjuku 5-3-20  일본,7.4,112642,122029,178350,112642,112642,131416,131416,0,140803,0,112642,0,131416,131416,131416,140803,0,112642,112642,131416,134098,167086,141952,236008,220303,128600,993883,423159,993883,268885,187925,90995,0,108891,276260,212028,128130,217775,215514,282356,345397,282356,338489,225093,98562,170840,212028,105133,212028,160346,339938,181990,160346,214786,163618,268195,325047,153756,552697,243983,84,28584,8,68,14436,7
63,63,파크 하얏트 도쿄(Park Hyatt Tokyo),163-1055 도쿄 도 Shinjuku-ku Nishishinjuku 3-7-1-2 일본,9.2,1821138,1744803,1908378,1679373,1777518,1733898,1788423,1646658,0,1886568,1766613,0,0,0,0,0,1821138,1592133,1592133,1679373,238502,170496,110765,306386,84482,0,287352,277944,156197,275858,249039,159267,363117,380167,0,2968588,151231,230169,0,1756920,387926,380167,224135,2786838,2612358,272031,466338,281605,387926,310340,277582,302613,272031,288927,387926,126985,126985,386297,272031,149423,73,26577,13,58,12428,3
64,64,호텔 빌라 폰테인 도쿄-신주쿠(Hotel Villa Fontaine Tokyo-Shinjuku),160-0021 도쿄 도 Shinjuku-ku Kabukicho 2-40-9 일본,7.9,136672,153756,0,127849,127849,136672,195622,136672,0,0,127849,145121,136672,136672,136672,153756,175909,127849,127849,136672,159576,151231,357179,141952,257683,107902,164365,199395,191760,0,288885,136971,281605,84482,86206,350570,315032,318837,211204,150534,247813,114529,116408,251874,365989,229882,160346,160346,251098,245859,161454,164270,285360,276260,158733,112650,466338,395374,353471,311616,70,26290,12,58,4876,12
65,65,신주쿠 시티 호텔 N.U.T.S 도쿄(Shinjuku City Hotel N.U.T.S Tokyo),160-0022 도쿄 도 Shinjuku-ku Shinjuku 1-16-5 일본,7.7,136109,165208,0,0,123906,135170,171779,188675,165208,0,123906,123906,123906,152067,164270,180227,0,123906,0,136109,159576,277774,350035,0,252529,124519,161078,110104,187925,0,0,158394,138351,887014,101209,101209,371259,0,308789,101209,103274,103274,276624,90995,0,0,282638,103274,294277,288406,294277,0,664588,306762,664588,294277,150189,178350,0,288406,73,28298,9,59,14149,7
66,66,Hotel Petit Bali Garden Shin-Okubo (Adult Only),169-0073 도쿄 도 Shinjuku-ku Hyakunincho 1-6-7 일본,8.3,136971,202104,0,0,136971,136971,136971,136971,202104,0,136971,136971,136971,136971,136971,0,0,136971,136971,136971,0,247813,140239,0,143741,234296,234296,287352,675278,0,0,271011,135584,129213,101209,101209,363834,0,302613,84290,101209,101209,271092,89175,0,0,84290,101209,103274,282638,308789,0,288406,306762,664588,103274,313022,300283,0,282638,64,26290,6,52,4876,6
67,67,카도야 호텔(Kadoya Hotel),160-0023 도쿄 도 Shinjuku-ku Nishi-Shinjuku 1-23-1 일본,8.0,277595,0,0,0,252554,252554,0,277595,302619,0,0,277595,209793,277595,290115,290115,0,302619,290115,252554,0,0,325047,771842,244058,993883,129213,993883,431795,0,214020,125784,224135,158733,236736,259077,178350,0,466338,0,466338,84482,116408,251874,274481,324516,150534,224135,338489,169691,0,421067,163618,243983,108891,0,276260,480381,0,322907,69,26577,9,48,12428,3
68,68,Lion House,160-0021 도쿄 도 歌舞伎町2-2-11 일본,7.5,178162,0,0,0,178162,0,0,0,0,0,178162,178162,0,178162,178162,178162,0,0,0,178162,84482,93868,160515,0,0,0,0,187737,0,0,0,219652,281171,82604,475855,300283,0,0,0,0,466338,150189,678151,276624,0,308789,178350,664588,664588,150189,178350,0,150189,678151,68289,150189,68289,156511,552697,156511,74,26577,14,58,4876,14
69,69,Hotel Balian Resort Higashi Shinjuku (Adult Only),160-0021 도쿄 도 Shinjuku-ku Kabukicho 2-19-17 일본,8.1,216472,245207,269153,221261,216472,216472,216472,216472,245207,269153,221261,216472,216472,216472,216472,245207,269153,221261,216472,216472,311183,95784,241617,597693,89175,161875,993883,122029,518154,211683,214020,128351,127849,0,280321,233330,276260,405646,274481,164739,466338,68289,311616,355949,175909,169346,233330,272218,466338,0,322907,346327,248751,280321,0,139462,250341,581853,178350,312927,73,26290,15,61,4876,15
70,70,로열 호텔 신오쿠보,169-0073 도쿄 도 Shinjuku-ku Hyakunincho 2-17-1 일본,7.9,168963,131416,0,0,0,0,0,0,0,0,0,0,0,0,0,0,0,0,0,0,0,0,0,0,0,0,0,0,0,0,0,0,0,0,0,0,0,0,0,0,0,0,0,0,0,0,0,0,0,0,0,0,0,0,0,0,0,0,0,0,64,26290,6,52,4876,6
71,71,비즈니스 호텔 야마시로(Business Hotel Yamashiro),160-0021 도쿄 도 Shinjuku-ku Kabuki-cho 2-29-2 일본,7.7,84482,0,0,0,0,0,0,0,0,0,0,101378,101378,0,101378,0,0,0,0,84482,0,0,0,0,0,86206,0,0,0,0,0,0,0,0,0,0,0,0,0,0,0,0,0,0,0,0,0,0,0,0,0,0,0,0,0,0,0,0,0,0,72,26290,14,59,4876,15
72,72,粋,160-0022 도쿄 도 新宿7-27-4 ライオンズマンション新宿第2 206 일본,7.3,219652,219652,0,219652,219652,219652,219652,219652,219652,0,219652,219652,219652,219652,219652,219652,219652,219652,219652,219652,431795,0,0,0,93868,111046,126985,303444,114941,0,316087,162517,146435,0,135584,135584,151231,302613,126985,160346,0,0,466338,180453,0,0,0,0,0,0,0,361112,277582,302613,82604,302613,82604,213790,180453,212066,72,26672,11,65,14436,6
73,73,Hotel QUEEN ANNEX,160-0022 도쿄 도 新宿区新宿2-10-6 일본,7.8,165208,242180,242180,165208,165208,165208,165208,165208,242180,234915,165208,165208,165208,165208,165208,242180,242180,165208,165208,165208,140427,0,281605,247123,93868,113313,95784,239077,281605,247123,311202,338865,103267,108891,282356,245859,355949,0,236736,163618,338489,282356,288119,405167,365989,268195,164739,105133,245859,268483,271950,336853,127849,534355,276260,262832,253828,248751,140803,134098,74,26577,14,56,14149,7
74,74,Shinokubo guest house,169-0072 도쿄 도 大久保１−１３−14 일본,9.2,384860,384860,0,0,0,347125,347125,347125,347125,0,0,0,0,0,0,0,0,0,0,0,0,0,0,0,0,0,0,0,136971,0,0,0,0,0,0,0,0,269153,0,0,0,0,68289,0,0,0,0,887014,475855,887014,0,887014,475855,993883,466338,190084,202756,411872,359286,311202,68,26290,10,56,4876,10
78,78,더 신-오쿠보 인터내셔널 호텔,169-0073 도쿄 도 Shinjuku-ku Hyakunincho 1-1-10 일본,6.9,112642,140803,0,0,112642,112642,112642,112642,0,0,0,0,0,112642,0,140803,0,112642,0,0,0,0,0,0,0,0,0,0,0,0,0,0,0,0,0,0,0,0,0,0,0,0,0,0,0,0,0,0,0,0,0,0,0,0,0,0,0,0,0,0,64,26290,6,52,4876,6
79,79,호텔 시에나(Hotel Siena),160-0021 도쿄 도 Shinjuku-ku Kabuki-cho 2-22-1  일본,6.6,134098,143676,0,124519,0,0,0,0,143676,0,0,0,124519,124519,124519,138887,153255,124519,124519,124519,0,124519,206702,0,280321,187737,90995,423159,1014167,0,0,0,0,0,0,0,0,0,0,0,0,0,0,0,0,0,0,0,0,0,0,0,0,0,0,0,0,0,0,0,74,26577,14,58,4876,14
80,80,신주쿠 이스트 호텔 (Shinjuku East Hotel),160-0021 도쿄 도 Shinjuku-ku Kabukicho 2-6-16 일본,7.0,93868,112642,131416,93868,93868,93868,93868,93868,112642,145684,93868,93868,93868,93868,93868,0,0,0,0,0,0,0,0,0,0,0,0,0,0,153255,0,0,0,0,0,0,0,0,0,0,0,0,0,0,0,0,0,0,0,0,0,0,0,0,0,0,0,0,0,0,75,26672,14,65,14436,7
81,81,호텔 타테시나(Hotel Tateshina),160-0022 도쿄 도 Shinjuku-ku Shinjuku 5-8-6 일본,6.5,97112,97112,0,97112,107902,107902,107902,107902,107902,0,107902,107902,0,0,0,107902,147139,107902,107902,107902,0,110104,523560,0,280321,191568,993883,423159,129213,0,178350,104596,150180,239585,288767,283370,277972,291720,191614,180819,206510,223062,210725,228570,605601,285886,210725,210725,272218,272218,261893,195246,131406,206510,277774,194308,198273,263958,552697,197077,77,26577,17,58,14149,9
83,83,HOTEL LiVEMAX Shinjuku Kabukicho-Meijidori,160-0021 도쿄 도 Shinjuku-ku Kabukicho 2-3-23 일본,5.1,119588,128130,162298,102504,111046,119588,119588,119588,128130,140858,102504,111046,119588,119588,119588,128130,139958,102504,111046,119588,76627,107902,250916,195246,165208,281605,0,283904,277944,356700,181990,102504,0,259077,225093,212028,552697,331892,211204,160346,108891,160346,282356,280321,0,191568,163618,291663,160346,214786,397063,195246,378539,545260,177411,271950,248751,664588,333150,678151,74,26672,13,64,14436,6
85,85,Keio Presso Inn Shinjuku,160-0023 도쿄 도 Shinjuku-ku Nishishinjuku 3-4-5 일본,7.8,172342,209514,0,201066,140239,143619,146998,141929,216273,195854,201066,172342,172342,179101,168963,209514,163894,201066,128412,133481,0,91991,287352,0,160515,234296,224135,224135,201147,153255,0,224135,163618,82604,466338,294277,563977,306386,288406,282638,288406,276624,137048,447996,439304,302613,178350,276624,664588,678151,178350,178350,150189,664588,68289,300283,153255,181990,353347,153255,74,26577,14,58,12428,3
86,86,HOTEL LiVEMAX Shinjuku EAST,160-0022 도쿄 도 Shinjuku-ku Shinjuku 6-27-49 일본,6.2,111046,128130,148500,102504,111046,119588,119588,119588,128130,149144,102504,111046,119588,119588,119588,128130,136672,102504,111046,119588,143667,93868,241617,281605,89175,133293,168212,423159,0,287352,199231,466338,223998,206510,277972,272575,283645,148705,180819,170024,272218,210725,272218,213203,235131,145731,272218,272218,2486344,1712088,267238,148178,206510,210725,1832043,198273,140793,261893,342539,194308,76,26672,15,61,14149,12
87,87,레지던스 호텔 윌 신주쿠 (Residence Hotel Will Shinjuku),160-0004 도쿄 도 Shinjuku-ku Yotsuya 4 Chome 25 일본,6.4,146435,146435,0,146435,146435,146435,146435,146435,146435,0,146435,146435,146435,146435,146435,0,0,146435,146435,146435,300168,222896,112642,0,107902,110104,75095,214173,75095,0,0,343558,160346,905116,466338,294277,552697,141952,282638,103274,282638,271092,664588,271092,302613,302613,288406,271092,300283,664588,300283,0,678151,664588,137048,172411,466338,0,346281,150189,98,31070,12,65,6214,14
88,88,COCOSHUKU Shinjuku-Hanazono,160-0022 도쿄 도 1-32-11 Shinjuku Shinjuku-ku 일본,8.1,304134,278789,380167,304134,304134,190084,190084,273720,304134,0,273720,243307,266117,0,0,0,0,0,220497,0,0,195246,0,0,0,0,126985,216472,0,325495,244058,159267,146435,380167,0,0,0,302613,0,0,466338,380167,466338,0,0,277582,466338,0,466338,281605,0,308789,0,327582,466338,0,0,209514,272031,207825,96,31357,8,60,14149,8
89,89,Hotel BaliAn Resort Shinjuku Glamping,160-0021 도쿄 도 新宿区歌舞伎町2-19-11 일본,9.0,289115,382983,439304,345436,289115,289115,289115,289115,382983,0,345436,289115,289115,289115,289115,382983,439304,345436,289115,289115,993883,946193,242180,153756,325254,89175,129309,86206,84482,269153,150142,287352,213203,0,220591,246498,253828,346327,258243,160346,108891,285360,268738,128130,887014,165959,274481,233330,160346,311202,128130,242180,280321,268195,291663,339938,250341,240772,346327,127849,77,26290,13,59,4876,13
91,91,TOKYO E JOY INN（Okubo branch in Shinjuku）,169-0073 도쿄 도 東京都新宿区百人町２丁目２３−４０ ナツハウス 일본,6.7,131406,150180,0,124742,140793,140793,140793,134222,0,145675,134222,131406,124742,124742,140793,159567,0,0,137977,137977,194308,288119,242180,0,378539,136205,126722,84482,95784,0,195246,0,143676,277774,206510,206510,225284,0,309766,272218,288927,2039238,288927,309766,155822,208618,319340,380167,301720,301720,552697,180453,277774,1832043,0,256383,466338,157076,131416,140793,74,26290,10,56,4876,10
92,92,Hotel Yuyukan - Vacation STAY 10008v,160-0021 도쿄 도 Kabukicho 1-10-1 Hotel Yuyukan 일본,6.1,102551,145731,145731,102551,102551,102551,102551,102551,145731,141359,102551,102551,102551,102551,102551,145731,145731,0,102551,102551,222896,181798,209514,890792,370968,133481,136971,69683,93868,0,147139,216273,213203,210725,718381,718381,267178,261142,206510,206510,2835305,272218,2486344,225284,127074,148705,1657563,2758969,2762604,1902320,140793,212894,210725,272218,288927,140793,256383,267238,203319,198273,78,26577,11,55,4876,11
93,93,Hotel Rose Garden Shinjuku - Vacation STAY 72146v,160-0023 도쿄 도 Nishishinjuku 8-1-3 Hotel Rose Garden Shinjuku 일본,7.0,180819,234793,299562,197011,186216,197011,197011,218601,250985,321988,207806,197011,218601,229396,261780,223998,353537,213203,202408,261780,194308,282356,114941,148705,370968,133481,69683,68289,93868,890792,208809,209327,206510,2213719,210725,210725,225284,2223742,309766,272218,288927,2265820,288927,309766,0,0,0,0,0,0,0,0,0,0,0,261615,466338,378571,0,0,98,31357,5,57,14149,6
95,95,SHINJUKU WARM HOUSE,169-0072 도쿄 도 Shinjuku-ku Okubo 1-3-7 일본,8.3,281605,309766,342620,305072,281605,281605,281605,309766,300473,281605,281605,305072,305072,305072,342620,342620,281605,305072,305072,491372,0,280321,159952,0,216472,134635,126985,303444,439840,467099,309766,91991,149423,135584,138351,135584,154318,308789,161971,160346,302613,302613,0,230169,2612358,2612358,135584,287352,302613,287352,180453,361112,126985,308789,82604,302613,82604,272031,180453,272031,77,26290,13,59,4876,13
96,96,634 Condo Shinjuku - Vacation STAY 01910v,169-0072 도쿄 도 Okubo 1-5-4 634 Condo Shinjuku 일본,8.0,518154,0,0,0,0,518154,518154,518154,626102,0,0,0,0,518154,0,0,0,0,0,0,0,0,112642,0,102504,0,0,0,993883,0,0,0,0,0,0,0,0,0,0,0,0,0,0,0,0,0,0,0,0,0,0,0,0,0,0,0,0,0,0,0,76,26290,12,58,4876,12
97,97,HOTEL LiVEMAX Shinjuku Kabukicho,160-0021 도쿄 도 Shinjuku-ku Kabukicho 2-33-3 일본,6.3,136672,146435,165959,117148,126910,0,140427,136672,146435,160981,117148,126910,136672,136672,136672,146435,156197,117148,126910,136672,75095,95784,213790,468591,102504,111046,89175,234296,119588,242180,136672,0,228570,282638,325047,291663,334172,195246,274481,220591,0,0,268738,355949,520108,183982,291663,0,274481,202756,100573,302619,258243,262832,233330,262503,140803,172411,287429,131416,77,26290,13,59,4876,13
98,98,Hotel Koryukaku,169-0073 도쿄 도 Shinjuku-ku Hyakunincho 2-23-48 일본,5.8,114941,143676,191568,124519,100573,100573,114941,114941,124519,172411,124519,100573,100573,114941,114941,124519,172411,124519,100573,100573,75095,93868,130745,145731,90995,0,0,423159,528728,270341,372751,378539,887014,288927,277774,277774,397063,217775,158394,103267,338489,160346,236736,220591,179499,210725,229882,153255,114529,160346,405167,164270,127849,268483,243983,160346,248751,156894,161457,268738,75,26290,11,57,4876,11
99,99,SHINJUKU GLOBAL HOTEL,169-0073 도쿄 도 百人町2-6-6 SHINJUKU GLOBAL HOTEL 일본,7.6,197124,234671,234671,197124,197124,197124,197124,197124,234671,227631,197124,197124,197124,197124,197124,234671,234671,197124,197124,197124,481545,195246,128130,270904,93868,161971,161971,126985,518154,292869,1886568,93868,133481,138351,160346,160346,160346,445875,135584,302613,308789,308789,82604,151231,180453,180453,302613,302613,308789,82604,151231,664588,161971,82604,101209,82604,101209,277582,406638,277582,71,26290,7,53,4876,7
105,105,신주쿠 어반 호텔(Shinjuku Urban Hotel),160-0021 도쿄 도 Shinjuku-ku Kabuki-cho 2-8-12 일본,7.6,244058,309766,139864,272218,281605,281605,281605,281605,281605,300473,272218,272218,272218,272218,272218,281605,309766,272218,272218,272218,294165,227445,114941,771842,107902,161078,76627,75095,76627,276433,281605,242497,0,327582,466338,2671729,0,180453,466338,1581228,380167,327582,219652,2508154,159002,272031,362064,387926,380167,304134,272031,302613,466338,288927,380167,126985,126985,378571,134098,146435,80,26672,15,65,14436,7
106,106,하나비 호텔(Hanabi Hotel),169-0075 도쿄 도 Shinjuku-ku Hyakunincho 2-8-5 일본,6.8,104297,104297,0,104297,104297,135584,104297,281605,166870,0,104297,104297,104297,104297,104297,151231,0,135584,135584,104297,294165,491176,587827,0,110104,161078,257140,75095,268738,0,0,200878,286910,466338,887014,887014,887014,0,475855,129213,887014,129213,475855,887014,0,348462,68289,150189,150189,153255,552697,0,0,0,0,0,0,0,0,0,77,26290,13,59,4876,13
107,107,호텔 선라이트 신주쿠(Hotel Sunlite Shinjuku),160-0022 도쿄 도 Shinjuku-ku Shinjuku 5-15-8 일본,7.5,208146,179236,281898,131791,131791,155514,193395,208146,0,287749,163894,163894,193395,222896,222896,311399,311399,163894,163894,193395,227445,491176,268487,993883,161078,75095,298168,268738,311616,244058,387926,127074,243870,160346,163618,160346,163618,454974,138351,302613,82604,82604,84290,154318,180453,180453,302613,308789,82604,84290,151231,664588,302613,84290,101209,82604,101209,180453,406638,126985,81,26672,16,58,14149,9
108,108,Hotel Rose Garden Shinjuku - Vacation STAY 72147v,160-0023 도쿄 도 Nishishinjuku 8-1-3 Hotel Rose Garden Shinjuku 일본,9.7,170024,223998,288767,186216,175421,186216,186216,207806,240190,311517,197011,186216,207806,218601,250985,213203,342742,202408,191614,250985,102551,491176,309766,279728,424094,219652,219652,219652,197124,0,342150,286910,168963,167086,137048,614608,0,654301,383227,544964,137048,137048,137048,162833,617961,1476799,125784,167086,167086,137048,0,199231,466338,168963,587827,168963,466338,490185,162833,369018,98,31357,5,57,14149,6
109,109,토큐 스테이 니시 신주쿠(Tokyu Stay Nishi Shinjuku),160-0023 도쿄 도 Shinjuku-ku Nishishinjuku 5-9-8 일본,8.0,152536,195246,0,206351,173281,199395,216104,0,195246,0,180603,0,0,195246,0,0,0,129351,168400,199264,0,199231,523560,0,325047,129213,993883,431795,423159,0,191760,281171,194308,234793,153245,153245,156751,641215,139835,139835,195524,218601,206510,223998,587827,148178,206510,206510,210725,210725,234296,400377,198273,131406,272218,222581,0,148705,110104,104644,86,28680,9,60,14531,7
110,110,Hotel Keihan Tokyo Yotsuya,160-0004 도쿄 도 Shinjuku-ku Yotsuya 1-24 일본,8.3,0,157699,225284,142680,142680,157699,157699,157699,157699,233094,142680,142680,157699,157699,157699,157699,225284,142680,142680,0,245801,186518,336237,469342,129538,153255,131416,208618,216273,378477,268195,192526,187741,117814,244659,207105,145731,110152,167792,141760,160438,118772,147749,176003,229978,321461,111703,232493,152067,150764,338865,207261,466338,232493,466338,244659,466338,107902,246987,147749,85,31070,9,61,6214,3
111,111,GLOU Higashi Shinjuku,169-0072 도쿄 도 Shinjuku-ku Okubo 1-1-38 일본,8.1,0,140803,292869,123906,118274,118274,168963,123906,0,234915,129538,129538,140239,129538,129538,140239,0,129538,129538,0,131416,226577,161454,363501,105133,131224,993883,134098,134098,386201,654301,0,187741,141760,241376,254796,148705,0,147843,232493,157230,244659,150189,147749,238119,286394,262353,315032,466338,147749,128130,0,104596,167792,0,137987,466338,258617,182105,181990,78,26290,14,69,14436,9
112,112,Daiwa Roynet Hotel Nishi-Shinjuku PREMIER,160-0023 도쿄 도 Shinjuku-ku Nishi-shinjuku 6-12-39 일본,8.8,0,306289,0,236223,222701,235222,235222,235222,0,0,235222,210198,210198,210198,246232,0,0,222701,210198,210198,138925,226411,199786,242180,133762,112642,156197,255968,159385,0,433327,343558,165208,330455,241567,343558,128130,324516,285360,86206,316087,345397,282356,280321,0,269153,212028,86206,200878,95784,220591,178350,160346,103267,247813,256613,466338,0,178350,243983,103,31357,10,70,12428,5
113,113,Super Hotel Shinjuku Kabukicho,160-0021 도쿄 도 Shinjuku-ku Kabukicho 2-39-9 일본,8.0,0,379529,0,0,289640,0,324597,0,0,0,0,0,0,319603,334585,379529,0,0,0,0,0,0,0,0,0,214556,89175,0,0,0,0,152871,0,286910,194308,198273,0,0,0,198273,202408,229396,0,0,0,0,198273,137038,131406,0,145731,0,0,194308,198273,104644,222581,229940,199231,209364,77,26290,13,66,14436,11
114,114,634 Condo Shinjuku - Vacation STAY 01902v,169-0072 도쿄 도 Okubo 1-5-4 634 Condo Shinjuku 일본,10.0,0,626102,0,518154,518154,518154,0,518154,626102,0,0,0,0,518154,518154,626102,0,0,0,0,0,0,0,0,0,0,0,0,993883,0,0,0,0,0,0,0,0,0,0,0,0,0,0,0,0,0,0,0,0,0,0,0,0,0,0,0,0,0,0,0,76,26290,12,58,4876,12
115,115,ホテルパセラリビング東新宿,160-0022 도쿄 도 Shinjuku-ku Shinjuku 6-29-2 일본,8.5,0,387734,0,0,303444,303444,303444,303444,387734,0,0,303444,303444,303444,303444,387734,0,303444,303444,303444,140793,216472,0,0,0,133293,993883,114941,518154,0,274481,338865,168580,282638,280321,233330,140803,222219,233330,220591,466338,0,0,397063,0,0,233330,272218,225093,139462,322907,210725,253828,325047,139462,271950,267860,253828,143676,258243,77,26672,12,66,14436,6
116,116,호텔 록스(Hotel Rocks),160-0022 도쿄 도 Shinjuku-ku Shinjuku 2-10-4 일본,5.5,0,204633,204633,167086,167086,167086,167086,167086,204633,198494,167086,167086,167086,167086,167086,204633,204633,167086,167086,167086,304960,222896,112642,993883,124519,107902,75095,199395,75095,337878,110152,149814,330455,174327,0,0,248751,312639,378539,0,366661,68289,466338,0,366988,355949,0,366661,466338,170496,98562,337064,134098,280321,208809,136672,262503,140803,199231,250341,95,31357,7,56,14149,7
117,117,호텔 뉴 쇼헤이(Hotel New Shohei),160-0004 도쿄 도 Shinjuku-ku Yotsuya 1-7-9 일본,8.0,0,225284,244058,115036,187737,187737,187737,187737,206510,0,123953,187737,187737,0,0,0,0,187737,187737,187737,0,0,0,207468,249039,1014167,423159,993883,281171,993883,281605,237647,887014,288927,466338,2671729,552697,180453,466338,1581228,380167,288927,219652,2508154,605601,1447263,319340,380167,380167,304134,272031,230169,466338,2035603,380167,0,0,0,131416,146435,84,31070,8,50,6501,11
118,118,Galois Hotel Shinokubo,169-0073 도쿄 도 Shinjuku-ku Hyakunincho 2-4-9 일본,8.6,0,0,225284,159576,159576,0,159576,0,0,227631,0,0,159576,0,159576,0,225284,0,0,159576,140239,231031,308808,274096,0,374707,156197,187737,156197,292869,210725,167792,192526,0,315032,258617,233357,210725,123906,718381,201147,315032,184384,190264,229039,315032,133762,179595,718381,315032,718381,195246,244659,143619,171310,147749,152067,299229,293622,315032,70,26290,6,53,4876,6
119,119,오야도 고코치(Oyado Cocochi),169-0073 도쿄 도 Shinjuku Hyakunincho 1-4-13 일본,7.5,0,0,0,84482,84482,0,84482,140803,168963,136579,0,0,0,84482,93868,112642,140803,0,84482,84482,0,91991,110104,0,75095,257140,191568,187737,191568,244058,374707,89175,188675,141760,281605,116408,190264,353635,718381,345397,287352,186971,254796,267194,206510,0,766273,338489,346738,150189,181990,333150,315032,95784,95784,204164,159576,178350,183982,518154,74,26290,10,60,13862,7
121,121,Hotel&Co. Sagami,160-0022 도쿄 도 Shinjuku-ku Shinjuku 4-4-18 일본,6.3,0,0,0,68,289,0,0,0,0,0,0,0,0,0,0,0,0,68289,0,0,0,0,0,0,93868,168212,2343856,281605,0,0,0,0,0,0,0,0,0,0,0,0,0,69683,458791,0,0,0,887014,0,0,905116,0,0,0,0,475855,0,887014,0,0,0,76,26577,9,54,4876,9
123,123,Tokyo shinjukutei Hotel Asahi gruop 東京新宿亭ホテル,160-0023 도쿄 도 西新宿4-18-6 일본,6.7,0,0,0,93868,93868,93868,93868,93868,112642,0,93868,93868,93868,93868,103255,112642,0,93868,93868,0,102551,119588,246548,0,160515,86206,281605,675278,281605,0,147139,216273,167792,258617,223061,315032,334172,195246,311202,225093,288119,285360,157852,130745,247123,139462,274481,239460,274481,274481,128130,302619,280321,262832,233330,262503,140803,143676,605601,130458,87,28680,11,59,14531,6
124,124,Toyoko Inn Tokyo Shinjuku Kabukicho,160-0021 도쿄 도 Shinjuku-ku Kabuki-cho 2-20-15 일본,7.3,0,0,0,79788,79788,79788,79788,79788,0,0,79788,79788,79788,0,0,0,0,79788,79788,79788,481545,197124,0,0,197124,126985,197124,281171,126985,0,0,281171,101209,167086,137048,148312,247123,0,391048,125784,139845,137048,139845,447996,0,439304,125784,167086,167086,139845,140803,330323,466338,168963,137048,587827,0,336106,195246,0,78,26290,14,68,14436,10
125,125,Toyoko Inn Tokyo Shinjuku gyoemmae eki 3 ban Deguchi,160-0022 도쿄 도 Shinjyuku-ku Shinjuku 1-17-8 일본,7.9,0,0,0,84482,84482,0,0,0,0,0,84482,84482,0,0,0,0,0,84482,84482,84482,104644,0,0,0,201147,224135,197124,281171,126985,0,0,490185,101209,170496,139845,148312,240772,0,466338,125784,167086,139845,167086,0,0,0,128351,170496,170496,167086,143676,0,0,172411,139845,256613,558104,140803,0,104596,94,31357,6,58,14149,6
126,126,Hotel Rose Garden Shinjuku - Vacation STAY 72163v,160-0023 도쿄 도 Nishishinjuku 8-1-3 Hotel Rose Garden Shinjuku 일본,6.2,0,0,0,0,175421,186216,186216,207806,0,311517,197011,186216,207806,218601,250985,213203,342742,202408,191614,250985,295015,282356,112642,145731,104596,136971,68289,68289,168580,0,204633,213599,206510,2213719,272218,272218,229882,2223742,316087,277774,327582,288927,327582,316087,0,0,0,0,0,0,0,0,0,0,0,0,0,0,269153,127849,98,31357,5,57,14149,6
127,127,Hotel EL Shinjuku 6,160-0023 도쿄 도 新宿区西新宿4-37-16 일본,7.2,0,0,0,0,208763,0,0,208763,0,0,0,0,163706,163706,163706,0,0,0,0,0,0,0,0,0,0,0,0,0,0,0,0,0,0,0,0,0,0,0,0,0,0,0,0,0,0,0,0,0,0,0,0,0,0,0,0,0,0,0,0,0,87,28680,11,59,14531,6
129,129,베스트 호텔(Best Hotel),169-0073 도쿄 도  Shinjuku-ku  Hyakunincho 1-2-3  일본,7.9,0,0,0,0,91991,0,91991,91991,110765,0,91991,91991,91991,0,91991,110765,0,0,91991,0,0,93868,107902,0,0,76627,187737,268738,187737,0,0,0,0,0,0,0,0,0,0,0,0,0,0,0,0,0,0,0,0,0,0,0,0,0,0,0,0,0,0,0,72,26290,8,57,4876,8
140,140,Miyanonoki guest house,169-0074 도쿄 도  北新宿３−９−19  일본,6.0,0,0,0,0,0,0,0,0,0,0,0,0,0,0,0,0,0,0,0,0,0,0,0,0,0,0,0,119588,394022,0,0,160346,168963,475855,0,0,0,905116,887014,887014,887014,887014,887014,905116,887014,141952,69683,150189,150189,68289,552697,156511,466338,150189,253445,153255,0,0,0,0,81,26672,16,60,14149,11
141,141,Shinjuku Miyabi Residence - Vacation STAY 94836,160-0004 도쿄 도  Yotsuya 4-27-15 Shinjuku Miyabi Residence  일본,9.5,0,0,0,0,0,0,0,0,0,0,0,0,0,0,0,0,0,0,0,0,0,0,0,0,0,0,0,0,0,0,0,0,0,0,0,140448,555945,552697,0,0,0,0,0,0,0,0,0,0,0,0,0,0,0,0,0,0,0,0,0,0,84,28298,12,57,14149,10
142,142,ONSEN RYOKAN YUEN SHINJUKU,160-0022 도쿄 도  Shinjuku 5-3-18  일본,8.6,0,0,0,0,0,0,0,0,0,0,0,0,0,0,0,0,0,0,0,0,0,0,0,0,0,0,0,0,0,0,0,0,0,0,0,0,0,0,0,0,0,0,0,0,0,0,0,0,0,0,0,0,0,0,0,290944,0,0,0,0,77,26577,10,57,4876,10
18,18,게이오 프라자 호텔 도쿄 프리미어 그랜드 (Keio Plaza Hotel Tokyo Premier Grand),160-8330 도쿄 도 Shinjuku-ku Nishishinjuku 2-2-1 일본,8.9,747699,747699,804490,713625,713625,747699,0,747699,770415,780355,713625,713625,747699,747699,747699,770415,0,713625,713625,747699,138925,138887,409477,199231,105133,128600,220208,201147,131416,206510,271122,141760,176003,187741,236548,186518,291854,206510,203829,232493,138925,192657,185859,315032,0,195246,146550,147749,147843,226779,296356,260485,167792,321461,321461,150764,137987,315032,552697,321461,80,26577,13,48,12428,8
29,29,HOTEL GROOVE SHINJUKU A PARKROYAL Hotel,160-0021 도쿄,8.7,0,0,0,0,0,0,0,0,362170,350035,350035,350035,350035,350035,350035,373371,350035,350035,350035,0,0,0,0,0,0,0,0,0,0,0,0,0,0,0,0,0,0,0,0,0,0,0,0,0,0,0,0,0,0,0,0,0,0,0,0,0,0,0,0,0,77,30688,8,61,4876,14
41,41,Sakura Cross Hotel Shinjuku East Annex,160-0022 도쿄 도 Shinjuku-ku Shijuku 6-23-11 일본,8.8,236548,0,0,301599,0,301599,0,301599,0,0,184165,301599,184165,184165,184165,307513,307513,0,0,0,0,350035,0,0,168580,0,93868,423159,993883,0,244058,0,0,387926,135584,0,0,0,126985,0,466338,387926,0,180453,0,2612358,135584,281605,466338,281605,180453,0,272031,302613,466338,161971,161971,209514,277582,207825,79,26577,12,56,9942,10
42,42,Kimpton Shinjuku Tokyo an IHG Hotel,160-0023 도쿄,8.7,0,0,0,0,718381,718381,718381,718381,0,890792,718381,675278,675278,675278,675278,675278,890792,675278,675278,675278,0,0,0,0,0,0,0,0,0,0,0,0,0,0,0,0,0,0,0,0,0,0,0,0,0,0,0,0,0,0,0,0,0,0,0,0,0,0,0,0,79,26577,12,61,5067,6
55,55,힐튼 도쿄 호텔(Hilton Tokyo Hotel),160-0023 도쿄 도 Shinjuku-ku Nishishinjuku 6-6-2 일본,8.3,544964,0,630681,587827,544964,544964,544964,544964,0,0,657472,0,0,0,0,0,630681,587827,544964,0,0,159576,202568,280321,75095,298168,89175,187737,993883,249039,657472,89175,239460,136672,220591,137639,248751,0,0,150189,170496,167086,170496,614608,448269,324516,466338,276260,0,214786,98562,247123,131416,0,204633,256613,569494,581853,195246,143676,83,26577,16,63,5067,8
2,2,호텔 윙 인터내셔널 프리미엄 도쿄 요츠야 (Hotel Wing International Premium Tokyo Yotsuya),160-0004 도쿄 도 Shinjuku-ku Yotsuya3-14-1 일본,8.3,132366,0,206524,121096,132366,187752,121096,145511,0,200328,154889,126722,164283,145511,164283,183055,244067,126722,132366,132366,231031,0,262832,208809,557368,216273,220687,216273,137048,281898,217624,102504,194308,245588,150180,150180,267238,136672,137038,137038,191614,229396,218601,142671,342539,400377,139835,137038,206510,206510,148705,110152,194308,198273,210725,0,239077,145731,110152,102551,78,26290,12,57,6214,8
33,33,Oakwood Apartments Nishi-Shinjuku,160-0023 도쿄 도 7-18-8 Nishi-Shinjuku Shinjuku-ku 일본,9.0,210265,0,0,0,168212,184733,168212,0,186986,0,184733,168212,0,0,0,186986,186986,168212,0,168212,0,93868,201147,0,163791,281605,239077,0,157699,0,0,0,0,0,0,0,0,0,0,0,0,0,0,0,0,0,0,0,0,0,0,0,0,0,0,0,0,0,0,0,79,26577,12,61,5067,6
54,54,게이오 플라자 호텔 도쿄(Keio Plaza Hotel Tokyo),160-8330 도쿄 도 Shinjuku-ku Nishishinjuku 2-2-1 일본,8.4,593718,605601,928790,546220,629350,629350,0,0,629350,668051,546220,546220,569969,558095,569969,0,688712,534346,546220,569969,276720,993883,339938,317754,336853,114519,128351,125784,356700,140803,197124,200878,165208,0,84482,251529,143676,199231,291663,103267,158733,170496,236736,274481,887014,405646,311202,212028,114529,212028,276260,0,248751,164739,243983,160346,280321,322907,552697,664588,80,26577,13,48,12428,8
58,58,오다큐 호텔 센츄리 서던 타워(Odakyu Hotel Century Southern Tower),151-8583 도쿄 도 Shibuya-ku Yoyogi 2-2-1 일본,8.7,571659,571659,0,378571,0,435362,401287,355855,355855,0,333139,333139,0,0,412645,412645,0,333139,333139,0,166894,0,271950,0,225093,105133,220303,129538,131416,0,0,350570,160346,887014,103274,103274,552697,0,282638,101209,282638,271092,664588,271092,0,154318,282638,271092,294277,664588,294277,178350,664588,313022,678151,294277,150189,178350,0,150189,76,26577,9,52,4589,8
77,77,Okubo Hotel Hawaii,169-0073 도쿄 도 1-16-6 Hyakunincho Shinjuku-ku 일본,7.8,75095,112642,122029,84482,84482,84482,84482,84482,103255,0,84482,84482,84482,84482,84482,103255,0,84482,84482,84482,289115,247813,209514,0,0,287352,234296,281605,287352,225284,0,0,0,0,0,0,0,0,0,0,0,0,0,0,0,0,0,0,0,0,0,0,0,0,0,0,0,0,0,0,73,26290,9,58,4876,9
90,90,City Hotel Dolphin,169-0073 도쿄 도 Shinjuku-ku Hyakunin-cho 1-4-11 일본,5.1,75095,0,0,0,0,79788,75095,75095,0,0,0,75095,75095,75095,75095,0,0,0,75095,75095,198273,946193,0,0,0,89175,126722,84482,84482,0,0,0,127849,103274,129213,905116,141952,0,0,905116,905116,887014,887014,552697,0,0,466338,153255,153255,68289,0,0,0,153255,253445,156511,69683,0,0,0,73,26290,9,58,4876,9
120,120,Nano North Shinjuku Apartment,169-0074 도쿄 도 Shinjuku-ku Kitashinjuku1-12-5 Nano Kitashinjuku 일본,6.4,0,0,192618,121653,111516,111516,111516,111516,131791,0,131791,131791,131791,131791,131791,131791,192618,131791,131791,131791,281605,491176,309766,279728,415612,219652,219652,219652,197124,150189,224135,480381,168963,139845,589321,578306,555945,641215,383227,369018,137048,581601,544964,159576,372409,1447263,544964,139845,139845,137048,552697,195246,162833,162833,172411,168963,153944,480381,159576,361637,77,26290,13,57,14531,9
130,130,도쿄 플라자 호텔 (Tokyo Plaza Hotel),169-0073 도쿄 도  Shinjuku-ku  Hyakunin-cho 2-15-1  일본,6.5,0,0,0,0,111703,0,0,0,0,0,0,0,0,0,0,0,0,0,72279,0,0,0,0,0,0,136013,0,0,0,0,0,150534,0,141760,321461,0,265610,0,262353,0,157230,130266,152067,0,0,0,466338,141760,0,0,0,0,124845,0,718381,0,157086,0,353471,0,73,26290,9,55,4876,9
131,131,인터내셔널 호텔 가부키초 (International Hotel Kabukicho),160-0021 도쿄 도  Shinjuku  Kabukicho 2-12-2  일본,6.4,0,0,0,0,75095,0,0,0,91991,0,0,75095,75095,75095,0,91991,0,75095,75095,0,0,0,160515,0,129213,993883,1014167,129213,423159,0,0,0,0,0,0,0,0,0,0,0,0,0,0,0,0,0,0,0,0,0,0,0,0,0,0,0,0,0,0,0,78,26290,14,64,14436,10
132,132,신 오쿠보 세키테이(Shin Okubo Sekitei),169-0073 도쿄 도  Shinjuku-ku Hyakunin-cho 2-1RKROYAL Hotel5-10  일본,8.4,0,0,0,0,0,89175,0,93868,0,0,0,0,89175,89175,0,0,0,93868,0,89175,0,0,0,0,95784,0,423159,0,0,0,0,887014,161971,281171,0,84290,363834,0,302613,0,0,0,271092,89175,0,0,0,101209,101209,282638,0,0,282638,0,313022,0,0,294277,0,0,73,26290,9,55,4876,9
133,133,634 Condo Shinjuku - Vacation STAY 14798v,169-0072 도쿄 도  Okubo 1-5-4 634 Condo Shinjuku  일본,10.0,0,0,0,0,0,1835127,0,1835127,2223742,0,0,0,0,1835127,0,0,0,0,0,0,0,0,0,0,0,0,0,168580,165208,0,0,219652,0,0,0,0,0,887014,466338,282638,466338,150189,466338,141952,308789,341493,181990,664588,311202,274481,0,242180,0,0,0,267860,143676,0,0,0,76,26290,12,58,4876,12
134,134,도모 호텔 (Domo Hotel),160-0022 도쿄 도  新宿区新宿七丁目27-15  일본,8.4,0,0,0,0,0,0,145496,0,0,0,145496,145496,0,145496,0,0,0,0,145496,0,284479,0,164749,0,0,0,0,0,0,0,0,0,0,0,0,0,0,0,0,153255,404817,466338,0,0,0,0,475855,905116,887014,887014,887014,905116,993883,1014167,0,1014167,475855,905116,0,905116,78,26672,13,59,14149,12
135,135,shinjuku lions house,160-0021 도쿄 도  新宿区歌舞伎町2丁目2-11 ライオンズマンション歌舞伎町第３  일본,6.8,0,0,0,0,0,0,0,0,0,0,0,0,0,105602,0,0,0,105602,0,0,0,0,0,0,0,0,0,0,224533,0,0,163618,168963,466338,905116,887014,905116,0,887014,224135,84482,86206,247813,469342,0,281605,103267,219652,224135,116408,0,0,466338,0,224899,243983,0,238119,0,162833,80,26672,15,60,14436,6
136,136,FLOWER TERRACE Higashi Shinjuku,160-0022 도쿄 도  新宿区新宿6-29-18 フラワーテラス東新宿  일본,9.1,0,0,0,0,0,0,0,0,0,0,0,0,0,0,0,308395,0,0,0,0,0,0,0,0,0,0,0,0,0,0,0,0,0,0,0,0,0,0,0,0,0,0,0,0,0,0,0,0,0,0,0,0,0,0,0,0,0,0,0,0,77,26672,12,61,14436,7
137,137,Kimpton Shinjuku Tokyo  an IHG Hotel,160-0023 도쿄 도  Nishishinjuku 3-4-7   일본,8.7,0,0,0,0,0,0,0,0,0,0,0,0,0,0,0,0,0,0,0,0,139845,350035,140239,346327,160515,0,262353,423159,993883,165959,400377,370968,210725,2459687,272218,272218,552697,2269125,185859,138925,147749,138925,152067,258617,251912,1005733,518154,147843,152067,150189,552697,195246,466338,232493,150764,321030,201147,0,810789,718381,79,26577,12,56,14531,5
139,139,HOTEL GROOVE SHINJUKU  A PARKROYAL Hotel,160-0021 도쿄 도  1-29-1 Kabukicho  Shinjuku  일본,8.7,0,0,0,0,0,0,0,0,0,0,0,0,0,0,0,0,0,0,0,0,0,159267,107902,1014167,164365,257140,187737,311616,187737,0,345819,127661,258617,187741,277103,361106,233357,147139,126435,191795,208816,138925,185859,179595,363980,172718,152067,138925,150764,254796,265610,235064,203829,181990,201147,0,363980,231127,182105,147749,81,26577,14,61,14436,10
56,56,yksi SAUNA & STAY,160-0023 도쿄 도 7-16-2 일본,8.7,210725,210725,0,124519,162833,162833,0,191568,0,0,210725,0,0,191568,153255,0,0,0,0,153255,234296,153255,0,0,246987,133762,367213,239460,201147,0,191568,233886,152067,194777,225380,152067,175722,0,258617,133762,150764,321461,180697,231127,242180,293099,258617,315032,141760,147749,233357,210725,518154,0,232493,152067,850812,272369,167622,0,79,26577,12,56,14531,5
75,75,TOKYO ICHIBAN SHINJUKU,169-0072 도쿄 도 大久保１−１−11コントーワル新宿511室 일본,8.9,272218,0,0,0,0,0,0,0,0,0,0,0,0,0,0,0,0,0,0,0,0,0,0,0,0,0,0,0,0,0,0,0,0,0,0,0,0,0,0,0,0,0,0,0,0,0,0,277774,0,0,0,0,0,0,993883,0,0,0,0,0,77,26290,13,59,4876,13
84,84,호텔 엠파이어 인 신주쿠(Hotel Empire in Shinjuku),169-0073 도쿄 도 Shinjuku-ku Hyakunin-cho 1-15-33 일본,6.1,91991,107949,0,0,0,73217,73217,91991,107949,0,91991,0,91991,0,0,107949,0,91991,91991,91991,86206,201147,268487,0,161078,164365,257140,76627,268738,0,380167,263582,248847,163618,82604,82604,89175,146810,160346,82604,84290,84290,101209,302613,439304,151231,82604,82604,84290,101209,302613,269153,308789,101209,306762,101209,306762,230169,552697,161971,73,26290,9,55,4876,9
122,122,season guest house,160-0023 도쿄 도 西新宿４−２４−3 일본,9.0,0,0,0,481545,0,481545,0,0,0,0,0,0,0,0,0,0,537866,481545,481545,481545,222896,195246,98562,153756,474131,111046,168212,136971,86206,0,0,0,0,0,0,0,0,0,0,0,0,0,0,0,0,0,0,0,0,0,0,0,0,0,0,0,0,0,0,0,79,26577,12,56,14531,5
34,34,헌드레드 스테이 도쿄 신주쿠(Hundred Stay Tokyo Shinjuku),169-0073 도쿄,8.8,330041,0,624225,383546,383546,330041,330041,330041,330041,380599,330041,276536,330041,330041,0,0,0,0,356700,330041,140239,146435,110765,306386,86206,0,993883,0,993883,0,107949,209364,150180,718381,294661,289153,277972,145731,195524,184509,210725,206510,272218,213203,230428,291720,272218,272218,277774,277774,261893,145214,134088,206510,1832043,194308,140793,283521,342539,211683,88,26290,13,55,4876,9
40,40,Hotel Shu,162-0067 도쿄,7.1,150377,0,194139,152067,152067,152067,0,152067,192618,221093,152067,152067,152067,152067,152067,192618,192618,152067,152067,0,294277,357179,100573,468591,93868,84482,93868,2343856,224533,196185,2096187,91991,133481,135584,160346,138351,160346,445875,135584,163618,302613,302613,82604,151231,2665671,2665671,138351,302613,302613,82604,230169,368481,126985,82604,84290,308789,84290,272031,230169,272031,102,13480,19,62,14149,15
76,76,SHINJUKU WARM VILLA I,169-0072 도쿄,7.7,194308,261893,270341,194308,194308,194308,194308,194308,261893,254036,194308,194308,194308,194308,194308,261893,261893,194308,194308,194308,993883,965504,247123,270904,325254,90995,214556,93868,119588,281605,195246,209327,718381,272218,206510,206510,718381,0,210725,210725,3150338,2039238,2762604,229882,155822,204445,1841736,3065522,266117,266117,552697,180453,272218,1832043,327582,256383,261615,153935,207468,137977,85,26290,13,59,4876,13
82,82,City Hotel Southern Cross,169-0073 도쿄,6.2,89175,98562,0,89175,89175,89175,89175,93868,98562,0,0,89175,93868,93868,89175,98562,0,93868,89175,89175,140793,107902,281605,0,163791,239077,281605,234296,229116,0,107949,213637,153245,143676,277972,272575,0,145731,180819,170024,272218,206510,241567,220591,887014,170840,225284,177411,163618,276260,397063,206510,130458,534355,160346,262832,312927,664588,890792,664588,81,26290,9,55,4876,9
94,94,Pod Select Hotel Shinjuku,160-0022 도쿄,6.8,134635,215428,236971,134635,134635,134635,150800,161571,215428,236971,134635,134635,134635,150800,161571,215428,236971,134635,134635,134635,178162,245207,204020,205170,303444,216472,161971,518154,287352,148705,309766,212473,287352,84482,282356,288119,363213,416025,194335,219652,224135,166952,338489,311202,175909,197124,103267,84482,200878,93868,271950,195246,0,93868,316087,243983,136672,153756,164270,745243,83,23518,10,53,14149,9
104,104,Hotel Yuyukan Center of Kabukicho Shinjuku,160-0021 도쿄,6.1,0,0,0,0,126985,0,0,0,175039,126985,126985,126985,126985,126985,180453,180453,126985,126985,126985,0,0,0,0,0,0,0,0,0,0,0,0,0,0,0,0,0,0,0,0,0,0,0,0,0,0,0,0,0,0,0,0,0,0,0,0,0,0,0,0,0,85,27820,8,60,14436,9
128,128,Shin-Okubo City Hotel,169-0073 도쿄,8.2,0,0,0,0,84482,0,0,0,93868,0,84482,0,0,0,0,0,0,0,0,0,0,0,0,0,0,0,0,0,0,0,0,0,0,0,0,0,0,0,0,0,0,0,0,0,0,0,0,0,0,0,0,0,0,0,0,0,0,0,0,0,81,26290,9,55,4876,9
138,138,Hotel Yuyukan Center of Kabukicho  Shinjuku,160-0021 도쿄,6.1,0,0,0,0,0,0,0,0,0,0,0,0,0,0,0,0,0,0,0,0,304960,199231,128130,269153,95784,111046,303444,119588,528728,431044,0,251098,281171,84290,887014,129213,887014,887014,466338,288406,475855,153255,466338,887014,887014,341493,68289,678151,678151,150189,181990,181990,153255,150189,69683,150189,68289,887014,563977,887014,85,27820,8,60,14436,9
